"","Parameter","Estimates","Standard Error","$z$-value","$p$-value"
"1","$\beta_0$",4.25372506032804,3.60881762453576,1.1787032493434,0.238516361321156
"2","$\beta_w$",-0.541147138318578,0.715162711067167,-0.756676949097469,0.449243428025825
"3","$b$",2.19890037703159,NA,NA,NA
